{
    "name": "root",
    "gauges": {
        "AgentController.Policy.Entropy.mean": {
            "value": 1.3966073989868164,
            "min": 1.3931233882904053,
            "max": 1.4033496379852295,
            "count": 27
        },
        "AgentController.Policy.Entropy.sum": {
            "value": 14070.8193359375,
            "min": 4469.66845703125,
            "max": 14740.814453125,
            "count": 27
        },
        "AgentController.Environment.EpisodeLength.mean": {
            "value": 290.92105263157896,
            "min": 26.235294117647058,
            "max": 301.875,
            "count": 27
        },
        "AgentController.Environment.EpisodeLength.sum": {
            "value": 11055.0,
            "min": 446.0,
            "max": 11502.0,
            "count": 27
        },
        "AgentController.Step.mean": {
            "value": 1129968.0,
            "min": 869957.0,
            "max": 1129968.0,
            "count": 27
        },
        "AgentController.Step.sum": {
            "value": 1129968.0,
            "min": 869957.0,
            "max": 1129968.0,
            "count": 27
        },
        "AgentController.Policy.ExtrinsicValueEstimate.mean": {
            "value": 9.628747940063477,
            "min": 8.463549613952637,
            "max": 12.152274131774902,
            "count": 27
        },
        "AgentController.Policy.ExtrinsicValueEstimate.sum": {
            "value": 1694.65966796875,
            "min": 194.43638610839844,
            "max": 2244.26318359375,
            "count": 27
        },
        "AgentController.Environment.CumulativeReward.mean": {
            "value": 44.60526315789474,
            "min": 13.4375,
            "max": 46.625,
            "count": 27
        },
        "AgentController.Environment.CumulativeReward.sum": {
            "value": 1695.0,
            "min": 215.0,
            "max": 2700.0,
            "count": 27
        },
        "AgentController.Policy.ExtrinsicReward.mean": {
            "value": 44.60526315789474,
            "min": 13.4375,
            "max": 46.625,
            "count": 27
        },
        "AgentController.Policy.ExtrinsicReward.sum": {
            "value": 1695.0,
            "min": 215.0,
            "max": 2700.0,
            "count": 27
        },
        "AgentController.IsTraining.mean": {
            "value": 1.0,
            "min": 1.0,
            "max": 1.0,
            "count": 27
        },
        "AgentController.IsTraining.sum": {
            "value": 1.0,
            "min": 1.0,
            "max": 1.0,
            "count": 27
        },
        "SecretAgentController.Policy.Entropy.mean": {
            "value": 1.448790192604065,
            "min": 1.447956919670105,
            "max": 1.46131432056427,
            "count": 27
        },
        "SecretAgentController.Policy.Entropy.sum": {
            "value": 14408.21875,
            "min": 5887.80078125,
            "max": 15197.2822265625,
            "count": 27
        },
        "SecretAgentController.Environment.EpisodeLength.mean": {
            "value": 290.92105263157896,
            "min": 30.291666666666668,
            "max": 301.4516129032258,
            "count": 27
        },
        "SecretAgentController.Environment.EpisodeLength.sum": {
            "value": 11055.0,
            "min": 727.0,
            "max": 11344.0,
            "count": 27
        },
        "SecretAgentController.Step.mean": {
            "value": 1129968.0,
            "min": 869976.0,
            "max": 1129968.0,
            "count": 27
        },
        "SecretAgentController.Step.sum": {
            "value": 1129968.0,
            "min": 869976.0,
            "max": 1129968.0,
            "count": 27
        },
        "SecretAgentController.Policy.ExtrinsicValueEstimate.mean": {
            "value": -14.074240684509277,
            "min": -30.45902442932129,
            "max": -14.074240684509277,
            "count": 27
        },
        "SecretAgentController.Policy.ExtrinsicValueEstimate.sum": {
            "value": -2477.06640625,
            "min": -6159.318359375,
            "max": -339.8010559082031,
            "count": 27
        },
        "SecretAgentController.Environment.CumulativeReward.mean": {
            "value": -60.39473684210526,
            "min": -72.00934579439253,
            "max": -50.13513513513514,
            "count": 27
        },
        "SecretAgentController.Environment.CumulativeReward.sum": {
            "value": -2295.0,
            "min": -8830.0,
            "max": -1370.0,
            "count": 27
        },
        "SecretAgentController.Policy.ExtrinsicReward.mean": {
            "value": -60.39473684210526,
            "min": -72.00934579439253,
            "max": -50.13513513513514,
            "count": 27
        },
        "SecretAgentController.Policy.ExtrinsicReward.sum": {
            "value": -2295.0,
            "min": -8830.0,
            "max": -1370.0,
            "count": 27
        },
        "SecretAgentController.IsTraining.mean": {
            "value": 1.0,
            "min": 1.0,
            "max": 1.0,
            "count": 27
        },
        "SecretAgentController.IsTraining.sum": {
            "value": 1.0,
            "min": 1.0,
            "max": 1.0,
            "count": 27
        },
        "AgentController.Losses.PolicyLoss.mean": {
            "value": 0.025078026903793217,
            "min": 0.017142875001203112,
            "max": 0.02894907669397071,
            "count": 25
        },
        "AgentController.Losses.PolicyLoss.sum": {
            "value": 0.025078026903793217,
            "min": 0.017142875001203112,
            "max": 0.02894907669397071,
            "count": 25
        },
        "AgentController.Losses.ValueLoss.mean": {
            "value": 20.716172790527345,
            "min": 13.952675660451254,
            "max": 25.332838249206542,
            "count": 25
        },
        "AgentController.Losses.ValueLoss.sum": {
            "value": 20.716172790527345,
            "min": 13.952675660451254,
            "max": 25.332838249206542,
            "count": 25
        },
        "AgentController.Policy.LearningRate.mean": {
            "value": 0.00013099370633545002,
            "min": 0.00013099370633545002,
            "max": 0.00016803169398945,
            "count": 25
        },
        "AgentController.Policy.LearningRate.sum": {
            "value": 0.00013099370633545002,
            "min": 0.00013099370633545002,
            "max": 0.00016803169398945,
            "count": 25
        },
        "AgentController.Policy.Epsilon.mean": {
            "value": 0.14366455000000003,
            "min": 0.14366455000000003,
            "max": 0.15601055000000005,
            "count": 25
        },
        "AgentController.Policy.Epsilon.sum": {
            "value": 0.14366455000000003,
            "min": 0.14366455000000003,
            "max": 0.15601055000000005,
            "count": 25
        },
        "AgentController.Policy.Beta.mean": {
            "value": 0.0021888610450000014,
            "min": 0.0021888610450000014,
            "max": 0.002804926444999999,
            "count": 25
        },
        "AgentController.Policy.Beta.sum": {
            "value": 0.0021888610450000014,
            "min": 0.0021888610450000014,
            "max": 0.002804926444999999,
            "count": 25
        },
        "SecretAgentController.Losses.PolicyLoss.mean": {
            "value": 0.022027233104745393,
            "min": 0.016606700009045502,
            "max": 0.029121093113402215,
            "count": 25
        },
        "SecretAgentController.Losses.PolicyLoss.sum": {
            "value": 0.022027233104745393,
            "min": 0.016606700009045502,
            "max": 0.029121093113402215,
            "count": 25
        },
        "SecretAgentController.Losses.ValueLoss.mean": {
            "value": 51.97617060343425,
            "min": 33.56379114786784,