{"count":1,"self":50.801641599999996,"total":327.5910811,"children":{"InitializeActuators":{"count":130,"self":0.002006,"total":0.002006,"children":null},"InitializeSensors":{"count":130,"self":0.0030046,"total":0.0030046,"children":null},"AgentSendState":{"count":20734,"self":37.6820576,"total":46.857937,"children":{"CollectObservations":{"count":539110,"self":0.7348072,"total":0.7348072,"children":null},"WriteActionMask":{"count":539110,"self":0.41189749999999997,"total":0.41189749999999997,"children":null},"RequestDecision":{"count":539110,"self":1.5635980999999999,"total":8.0291747,"children":{"AgentInfo.ToProto":{"count":539110,"self":1.0826963,"total":6.4655765999999995,"children":{"GenerateSensorData":{"count":539110,"self":3.9039376,"total":5.3828803,"children":{"RayPerceptionSensor.Perceive":{"count":539110,"self":1.4789424999999998,"total":1.4789424999999998,"children":null}}}}}}}}},"DecideAction":{"count":20734,"self":223.11825919999998,"total":223.11824819999998,"children":null},"AgentAct":{"count":20734,"self":6.7548879999999993,"total":6.7548876999999994,"children":null},"AgentInfo.ToProto":{"count":2622,"self":0.0060154,"total":0.052354899999999996,"children":{"GenerateSensorData":{"count":2622,"self":0.0353339,"total":0.0463395,"children":{"RayPerceptionSensor.Perceive":{"count":2622,"self":0.011005599999999999,"total":0.011005599999999999,"children":null}}}}}},"gauges":{"SecretAgentController.CumulativeReward":{"count":1311,"max":95,"min":-140,"runningAverage":-64.66437,"value":-80,"weightedAverage":-57.7307053},"AgentController.CumulativeReward":{"count":1311,"max":80,"min":-25,"runningAverage":34.60713,"value":60,"weightedAverage":43.349514}},"metadata":{"timer_format_version":"0.1.0","start_time_seconds":"1707952096","unity_version":"2022.3.19f1","command_line_arguments":"C:\\Program Files\\Unity\\Hub\\Editor\\2022.3.19f1\\Editor\\Unity.exe -projectpath D:\\SECRETAGENT\\SecretAgent\\SecretAgent -useHub -hubIPC -cloudEnvironment production -licensingIpc LicenseClient-blunte3 -hubSessionId fff3e3be-f3c8-4e42-8db0-0530b6172805 -accessToken c6gabCEQyYnJxaA34oy1eq8iHMEywtXmaQ9NKcXR0_I002f","communication_protocol_version":"1.5.0","com.unity.ml-agents_version":"2.0.1","scene_name":"SampleScene","end_time_seconds":"1707952424"}}