{"count":1,"self":48.743260799999995,"total":293.9734124,"children":{"InitializeActuators":{"count":65,"self":0.0020326999999999997,"total":0.0020326999999999997,"children":null},"InitializeSensors":{"count":65,"self":0.0020009999999999997,"total":0.0020009999999999997,"children":null},"AgentSendState":{"count":34134,"self":20.8524352,"total":28.0975294,"children":{"CollectObservations":{"count":443755,"self":0.5722398,"total":0.5722398,"children":null},"WriteActionMask":{"count":443755,"self":0.3712351,"total":0.3712351,"children":null},"RequestDecision":{"count":443755,"self":1.2939718,"total":6.3016198999999995,"children":{"AgentInfo.ToProto":{"count":443755,"self":0.97548019999999991,"total":5.0076481,"children":{"GenerateSensorData":{"count":443755,"self":3.1381167999999997,"total":4.0321679,"children":{"RayPerceptionSensor.Perceive":{"count":443755,"self":0.8940511,"total":0.8940511,"children":null}}}}}}}}},"DecideAction":{"count":34134,"self":210.7196672,"total":210.719665,"children":null},"AgentAct":{"count":34134,"self":6.3181844,"total":6.3181842999999995,"children":null},"AgentInfo.ToProto":{"count":3478,"self":0.0260782,"total":0.0887352,"children":{"GenerateSensorData":{"count":3478,"self":0.053672899999999996,"total":0.06265699999999999,"children":{"RayPerceptionSensor.Perceive":{"count":3478,"self":0.0089841,"total":0.0089841,"children":null}}}}}},"gauges":{"Agent Controller.CumulativeReward":{"count":3478,"max":35,"min":-15,"runningAverage":34.3789253,"value":35,"weightedAverage":34.9999924}},"metadata":{"timer_format_version":"0.1.0","start_time_seconds":"1707875350","unity_version":"2022.3.19f1","command_line_arguments":"C:\\Program Files\\Unity\\Hub\\Editor\\2022.3.19f1\\Editor\\Unity.exe -projectpath D:\\SECRETAGENT\\SecretAgent\\SecretAgent -useHub -hubIPC -cloudEnvironment production -licensingIpc LicenseClient-blunte3 -hubSessionId ce8450a9-220b-419d-80bc-ed6f3ee332e3 -accessToken i25aFlgxRXPnzvSWUnnWU9fBr_UPiHKETJry-z0iQiI002f","communication_protocol_version":"1.5.0","com.unity.ml-agents_version":"2.0.1","scene_name":"SampleScene","end_time_seconds":"1707875644"}}