{"count":1,"self":73.007846399999991,"total":594.92853949999994,"children":{"InitializeActuators":{"count":130,"self":0.0010023999999999999,"total":0.0010023999999999999,"children":null},"InitializeSensors":{"count":130,"self":0.0049724999999999995,"total":0.0049724999999999995,"children":null},"AgentSendState":{"count":39601,"self":62.806604799999995,"total":79.9839341,"children":{"CollectObservations":{"count":1029730,"self":1.3143093,"total":1.3143093,"children":null},"WriteActionMask":{"count":1029730,"self":0.7357948,"total":0.7357948,"children":null},"RequestDecision":{"count":1029730,"self":2.7544215999999997,"total":15.127226199999999,"children":{"AgentInfo.ToProto":{"count":1029730,"self":2.2090088,"total":12.372804499999999,"children":{"GenerateSensorData":{"count":1029730,"self":7.4742368,"total":10.163795799999999,"children":{"RayPerceptionSensor.Perceive":{"count":1029730,"self":2.6895588,"total":2.6895587,"children":null}}}}}}}}},"DecideAction":{"count":39601,"self":429.22828799999996,"total":429.2282969,"children":null},"AgentAct":{"count":39601,"self":12.6174824,"total":12.6174827,"children":null},"AgentInfo.ToProto":{"count":4543,"self":0.032957799999999995,"total":0.0850042,"children":{"GenerateSensorData":{"count":4543,"self":0.041018399999999997,"total":0.0520464,"children":{"RayPerceptionSensor.Perceive":{"count":4543,"self":0.011028,"total":0.011028,"children":null}}}}}},"gauges":{"SecretAgentController.CumulativeReward":{"count":2605,"max":22,"min":-59.5,"runningAverage":-22.05623,"value":-15,"weightedAverage":-25.06297},"AgentController.CumulativeReward":{"count":1938,"max":40,"min":-15,"runningAverage":20.5933971,"value":5,"weightedAverage":21.8345337}},"metadata":{"timer_format_version":"0.1.0","start_time_seconds":"1707943309","unity_version":"2022.3.19f1","command_line_arguments":"C:\\Program Files\\Unity\\Hub\\Editor\\2022.3.19f1\\Editor\\Unity.exe -projectpath D:\\SECRETAGENT\\SecretAgent\\SecretAgent -useHub -hubIPC -cloudEnvironment production -licensingIpc LicenseClient-blunte3 -hubSessionId fff3e3be-f3c8-4e42-8db0-0530b6172805 -accessToken c6gabCEQyYnJxaA34oy1eq8iHMEywtXmaQ9NKcXR0_I002f","communication_protocol_version":"1.5.0","com.unity.ml-agents_version":"2.0.1","scene_name":"SampleScene","end_time_seconds":"1707943904"}}