{
    "name": "root",
    "gauges": {
        "SecretAgentController.Policy.Entropy.mean": {
            "value": 1.406427025794983,
            "min": 1.4033188819885254,
            "max": 1.4087775945663452,
            "count": 19
        },
        "SecretAgentController.Policy.Entropy.sum": {
            "value": 14078.333984375,
            "min": 11705.115234375,
            "max": 14786.5029296875,
            "count": 19
        },
        "SecretAgentController.Environment.EpisodeLength.mean": {
            "value": 207.5,
            "min": 82.25,
            "max": 259.0263157894737,
            "count": 19
        },
        "SecretAgentController.Environment.EpisodeLength.sum": {
            "value": 10790.0,
            "min": 658.0,
            "max": 12075.0,
            "count": 19
        },
        "SecretAgentController.Step.mean": {
            "value": 609978.0,
            "min": 429991.0,
            "max": 609978.0,
            "count": 19
        },
        "SecretAgentController.Step.sum": {
            "value": 609978.0,
            "min": 429991.0,
            "max": 609978.0,
            "count": 19
        },
        "SecretAgentController.Policy.ExtrinsicValueEstimate.mean": {
            "value": -3.4122347831726074,
            "min": -5.91807746887207,
            "max": -2.663898468017578,
            "count": 19
        },
        "SecretAgentController.Policy.ExtrinsicValueEstimate.sum": {
            "value": -610.7900390625,
            "min": -1071.1719970703125,
            "max": -378.59259033203125,
            "count": 19
        },
        "SecretAgentController.Environment.CumulativeReward.mean": {
            "value": -8.26923076923077,
            "min": -27.03125,
            "max": -7.1568627450980395,
            "count": 19
        },
        "SecretAgentController.Environment.CumulativeReward.sum": {
            "value": -430.0,
            "min": -1100.0,
            "max": -60.0,
            "count": 19
        },
        "SecretAgentController.Policy.ExtrinsicReward.mean": {
            "value": -8.26923076923077,
            "min": -27.03125,
            "max": -7.1568627450980395,
            "count": 19
        },
        "SecretAgentController.Policy.ExtrinsicReward.sum": {
            "value": -430.0,
            "min": -1100.0,
            "max": -60.0,
            "count": 19
        },
        "SecretAgentController.IsTraining.mean": {
            "value": 1.0,
            "min": 1.0,
            "max": 1.0,
            "count": 19
        },
        "SecretAgentController.IsTraining.sum": {
            "value": 1.0,
            "min": 1.0,
            "max": 1.0,
            "count": 19
        },
        "AgentController.Policy.Entropy.mean": {
            "value": 1.423997163772583,
            "min": 1.4222478866577148,
            "max": 1.4255377054214478,
            "count": 18
        },
        "AgentController.Policy.Entropy.sum": {
            "value": 13791.4130859375,
            "min": 12320.83203125,
            "max": 17790.7109375,
            "count": 18
        },
        "AgentController.Step.mean": {
            "value": 599937.0,
            "min": 429957.0,
            "max": 599937.0,
            "count": 18
        },
        "AgentController.Step.sum": {
            "value": 599937.0,
            "min": 429957.0,
            "max": 599937.0,
            "count": 18
        },
        "AgentController.Policy.ExtrinsicValueEstimate.mean": {
            "value": 4.2349958419799805,
            "min": 3.8290812969207764,
            "max": 6.222620010375977,
            "count": 18
        },
        "AgentController.Policy.ExtrinsicValueEstimate.sum": {
            "value": 728.4193115234375,
            "min": 643.28564453125,
            "max": 958.283447265625,
            "count": 18
        },
        "AgentController.Environment.EpisodeLength.mean": {
            "value": 230.5,
            "min": 130.9047619047619,
            "max": 273.3658536585366,
            "count": 18
        },
        "AgentController.Environment.EpisodeLength.sum": {
            "value": 8759.0,
            "min": 2749.0,
            "max": 13522.0,
            "count": 18
        },
        "AgentController.Environment.CumulativeReward.mean": {
            "value": 18.026315789473685,
            "min": 12.142857142857142,
            "max": 31.363636363636363,
            "count": 18
        },
        "AgentController.Environment.CumulativeReward.sum": {
            "value": 685.0,
            "min": 310.0,
            "max": 1380.0,
            "count": 18
        },
        "AgentController.Policy.ExtrinsicReward.mean": {
            "value": 18.026315789473685,
            "min": 12.142857142857142,
            "max": 31.363636363636363,
            "count": 18
        },
        "AgentController.Policy.ExtrinsicReward.sum": {
            "value": 685.0,
            "min": 310.0,
            "max": 1380.0,
            "count": 18
        },
        "AgentController.IsTraining.mean": {
            "value": 1.0,
            "min": 1.0,
            "max": 1.0,
            "count": 18
        },
        "AgentController.IsTraining.sum": {
            "value": 1.0,
            "min": 1.0,
            "max": 1.0,
            "count": 18
        },
        "SecretAgentController.Losses.PolicyLoss.mean": {
            "value": 0.023413381073623896,
            "min": 0.019677864339125033,
            "max": 0.029201898122361552,
            "count": 17
        },
        "SecretAgentController.Losses.PolicyLoss.sum": {
            "value": 0.023413381073623896,
            "min": 0.019677864339125033,
            "max": 0.029201898122361552,
            "count": 17
        },
        "SecretAgentController.Losses.ValueLoss.mean": {
            "value": 55.92094930013021,
            "min": 35.94832369486491,
            "max": 84.12508099873861,
            "count": 17
        },
        "SecretAgentController.Losses.ValueLoss.sum": {
            "value": 55.92094930013021,
            "min": 35.94832369486491,
            "max": 84.12508099873861,
            "count": 17
        },
        "SecretAgentController.Policy.LearningRate.mean": {
            "value": 0.00020966568011145006,
            "min": 0.00020966568011145006,
            "max": 0.00023438687187105,
            "count": 17
        },
        "SecretAgentController.Policy.LearningRate.sum": {
            "value": 0.00020966568011145006,
            "min": 0.00020966568011145006,
            "max": 0.00023438687187105,
            "count": 17
        },
        "SecretAgentController.Policy.Epsilon.mean": {
            "value": 0.16988854999999994,
            "min": 0.16988854999999994,
            "max": 0.17812895,
            "count": 17
        },
        "SecretAgentController.Policy.Epsilon.sum": {
            "value": 0.16988854999999994,
            "min": 0.16988854999999994,
            "max": 0.17812895,
            "count": 17
        },
        "SecretAgentController.Policy.Beta.mean": {
            "value": 0.0034974386450000016,
            "min": 0.0034974386450000016,
            "max": 0.003908634605,
            "count": 17
        },
        "SecretAgentController.Policy.Beta.sum": {
            "value": 0.0034974386450000016,
            "min": 0.0034974386450000016,
            "max": 0.003908634605,
            "count": 17
        },
        "AgentController.Losses.PolicyLoss.mean": {
            "value": 0.025946684880182147,
            "min": 0.017310885545642425,
            "max": 0.0317647460460042,
            "count": 17
        },
        "AgentController.Losses.PolicyLoss.sum": {
            "value": 0.025946684880182147,
            "min": 0.017310885545642425,
            "max": 0.0317647460460042,
            "count": 17
        },
        "AgentController.Losses.ValueLoss.mean": {
            "value": 30.005352528889976,
            "min": 21.499687163035073,