{
    "name": "root",
    "gauges": {
        "AgentController.Policy.Entropy.mean": {
            "value": 1.3941673040390015,
            "min": 1.3941673040390015,
            "max": 1.4033814668655396,
            "count": 10
        },
        "AgentController.Policy.Entropy.sum": {
            "value": 13593.130859375,
            "min": 12588.33203125,
            "max": 14579.439453125,
            "count": 10
        },
        "AgentController.Environment.EpisodeLength.mean": {
            "value": 136.515625,
            "min": 96.90196078431373,
            "max": 138.60526315789474,
            "count": 10
        },
        "AgentController.Environment.EpisodeLength.sum": {
            "value": 8737.0,
            "min": 4942.0,
            "max": 10620.0,
            "count": 10
        },
        "AgentController.Step.mean": {
            "value": 609952.0,
            "min": 519978.0,
            "max": 609952.0,
            "count": 10
        },
        "AgentController.Step.sum": {
            "value": 609952.0,
            "min": 519978.0,
            "max": 609952.0,
            "count": 10
        },
        "AgentController.Policy.ExtrinsicValueEstimate.mean": {
            "value": 12.141324043273926,
            "min": 12.141324043273926,
            "max": 16.163480758666992,
            "count": 10
        },
        "AgentController.Policy.ExtrinsicValueEstimate.sum": {
            "value": 2331.13427734375,
            "min": 2279.05078125,
            "max": 3193.5732421875,
            "count": 10
        },
        "AgentController.Environment.CumulativeReward.mean": {
            "value": 34.53125,
            "min": 34.53125,
            "max": 39.30379746835443,
            "count": 10
        },
        "AgentController.Environment.CumulativeReward.sum": {
            "value": 2210.0,
            "min": 1915.0,
            "max": 3125.0,
            "count": 10
        },
        "AgentController.Policy.ExtrinsicReward.mean": {
            "value": 34.53125,
            "min": 34.53125,
            "max": 39.30379746835443,
            "count": 10
        },
        "AgentController.Policy.ExtrinsicReward.sum": {
            "value": 2210.0,
            "min": 1915.0,
            "max": 3125.0,
            "count": 10
        },
        "AgentController.IsTraining.mean": {
            "value": 1.0,
            "min": 1.0,
            "max": 1.0,
            "count": 10
        },
        "AgentController.IsTraining.sum": {
            "value": 1.0,
            "min": 1.0,
            "max": 1.0,
            "count": 10
        },
        "SecretAgentController.Policy.Entropy.mean": {
            "value": 1.3786548376083374,
            "min": 1.3786548376083374,
            "max": 1.3818761110305786,
            "count": 10
        },
        "SecretAgentController.Policy.Entropy.sum": {
            "value": 13621.109375,
            "min": 12664.89453125,
            "max": 14456.0791015625,
            "count": 10
        },
        "SecretAgentController.Environment.EpisodeLength.mean": {
            "value": 118.3972602739726,
            "min": 92.88888888888889,
            "max": 134.45,
            "count": 10
        },
        "SecretAgentController.Environment.EpisodeLength.sum": {
            "value": 8643.0,
            "min": 5016.0,
            "max": 11079.0,
            "count": 10
        },
        "SecretAgentController.Step.mean": {
            "value": 609992.0,
            "min": 519995.0,
            "max": 609992.0,
            "count": 10
        },
        "SecretAgentController.Step.sum": {
            "value": 609992.0,
            "min": 519995.0,
            "max": 609992.0,
            "count": 10
        },
        "SecretAgentController.Policy.ExtrinsicValueEstimate.mean": {
            "value": -12.542935371398926,
            "min": -12.91310977935791,
            "max": -11.485469818115234,
            "count": 10
        },
        "SecretAgentController.Policy.ExtrinsicValueEstimate.sum": {
            "value": -2458.415283203125,
            "min": -2597.37109375,
            "max": -1676.878662109375,
            "count": 10
        },
        "SecretAgentController.Environment.CumulativeReward.mean": {
            "value": -27.97222222222222,
            "min": -36.7037037037037,
            "max": -27.91111111111111,
            "count": 10
        },
        "SecretAgentController.Environment.CumulativeReward.sum": {
            "value": -2014.0,
            "min": -3130.0,
            "max": -1982.0,
            "count": 10
        },
        "SecretAgentController.Policy.ExtrinsicReward.mean": {
            "value": -27.97222222222222,
            "min": -36.7037037037037,
            "max": -27.91111111111111,
            "count": 10
        },
        "SecretAgentController.Policy.ExtrinsicReward.sum": {
            "value": -2014.0,
            "min": -3130.0,
            "max": -1982.0,
            "count": 10
        },
        "SecretAgentController.IsTraining.mean": {
            "value": 1.0,
            "min": 1.0,
            "max": 1.0,
            "count": 10
        },
        "SecretAgentController.IsTraining.sum": {
            "value": 1.0,
            "min": 1.0,
            "max": 1.0,
            "count": 10
        },
        "AgentController.Losses.PolicyLoss.mean": {
            "value": 0.022141524712787942,
            "min": 0.016594261919256798,
            "max": 0.030496703787745598,
            "count": 9
        },
        "AgentController.Losses.PolicyLoss.sum": {
            "value": 0.022141524712787942,
            "min": 0.016594261919256798,
            "max": 0.030496703787745598,
            "count": 9
        },
        "AgentController.Losses.ValueLoss.mean": {
            "value": 8.218641885121663,
            "min": 7.986983092625936,
            "max": 12.77872200012207,
            "count": 9
        },
        "AgentController.Losses.ValueLoss.sum": {
            "value": 8.218641885121663,
            "min": 7.986983092625936,
            "max": 12.77872200012207,
            "count": 9
        },
        "AgentController.Policy.LearningRate.mean": {
            "value": 0.00020920248026585003,
            "min": 0.00020920248026585003,
            "max": 0.00022156607614464997,
            "count": 9
        },
        "AgentController.Policy.LearningRate.sum": {
            "value": 0.00020920248026585003,
            "min": 0.00020920248026585003,
            "max": 0.00022156607614464997,
            "count": 9
        },
        "AgentController.Policy.Epsilon.mean": {
            "value": 0.16973415000000003,
            "min": 0.16973415000000003,
            "max": 0.17385535000000008,
            "count": 9
        },
        "AgentController.Policy.Epsilon.sum": {
            "value": 0.16973415000000003,
            "min": 0.16973415000000003,
            "max": 0.17385535000000008,
            "count": 9
        },
        "AgentController.Policy.Beta.mean": {
            "value": 0.0034897340850000005,
            "min": 0.0034897340850000005,
            "max": 0.003695381964999999,
            "count": 9
        },
        "AgentController.Policy.Beta.sum": {
            "value": 0.0034897340850000005,
            "min": 0.0034897340850000005,
            "max": 0.003695381964999999,
            "count": 9
        },
        "SecretAgentController.Losses.PolicyLoss.mean": {
            "value": 0.02556561493159582,
            "min": 0.018495332657766993,
            "max": 0.02762256811838597,
            "count": 9
        },
        "SecretAgentController.Losses.PolicyLoss.sum": {
            "value": 0.02556561493159582,
            "min": 0.018495332657766993,
            "max": 0.02762256811838597,
            "count": 9
        },
        "SecretAgentController.Losses.ValueLoss.mean": {
            "value": 19.302939542134602,
            "min": 16.5519881884257,