{
    "name": "root",
    "gauges": {
        "SecretAgentController.Policy.Entropy.mean": {
            "value": 1.3819376230239868,
            "min": 1.3810153007507324,
            "max": 1.418938398361206,
            "count": 51
        },
        "SecretAgentController.Policy.Entropy.sum": {
            "value": 13114.587890625,
            "min": 13085.419921875,
            "max": 17708.3515625,
            "count": 51
        },
        "SecretAgentController.Environment.EpisodeLength.mean": {
            "value": 157.30357142857142,
            "min": 52.82608695652174,
            "max": 326.35897435897436,
            "count": 51
        },
        "SecretAgentController.Environment.EpisodeLength.sum": {
            "value": 8809.0,
            "min": 5340.0,
            "max": 15842.0,
            "count": 51
        },
        "SecretAgentController.Step.mean": {
            "value": 509975.0,
            "min": 9996.0,
            "max": 509975.0,
            "count": 51
        },
        "SecretAgentController.Step.sum": {
            "value": 509975.0,
            "min": 9996.0,
            "max": 509975.0,
            "count": 51
        },
        "SecretAgentController.Policy.ExtrinsicValueEstimate.mean": {
            "value": -8.431499481201172,
            "min": -9.032032012939453,
            "max": -0.017620474100112915,
            "count": 51
        },
        "SecretAgentController.Policy.ExtrinsicValueEstimate.sum": {
            "value": -1601.9849853515625,
            "min": -1738.409423828125,
            "max": -3.876504421234131,
            "count": 51
        },
        "SecretAgentController.Environment.CumulativeReward.mean": {
            "value": -26.008928571428573,
            "min": -32.66,
            "max": -4.125,
            "count": 51
        },
        "SecretAgentController.Environment.CumulativeReward.sum": {
            "value": -1456.5,
            "min": -1939.5,
            "max": -99.0,
            "count": 51
        },
        "SecretAgentController.Policy.ExtrinsicReward.mean": {
            "value": -26.008928571428573,
            "min": -32.66,
            "max": -4.125,
            "count": 51
        },
        "SecretAgentController.Policy.ExtrinsicReward.sum": {
            "value": -1456.5,
            "min": -1939.5,
            "max": -99.0,
            "count": 51
        },
        "SecretAgentController.IsTraining.mean": {
            "value": 1.0,
            "min": 1.0,
            "max": 1.0,
            "count": 51
        },
        "SecretAgentController.IsTraining.sum": {
            "value": 1.0,
            "min": 1.0,
            "max": 1.0,
            "count": 51
        },
        "AgentController.Policy.Entropy.mean": {
            "value": 1.4036911725997925,
            "min": 1.4036911725997925,
            "max": 1.432475209236145,
            "count": 51
        },
        "AgentController.Policy.Entropy.sum": {
            "value": 13229.7890625,
            "min": 11838.5361328125,
            "max": 17708.3515625,
            "count": 51
        },
        "AgentController.Environment.EpisodeLength.mean": {
            "value": 190.2608695652174,
            "min": 74.27272727272727,
            "max": 434.390243902439,
            "count": 51
        },
        "AgentController.Environment.EpisodeLength.sum": {
            "value": 8752.0,
            "min": 1634.0,
            "max": 21503.0,
            "count": 51
        },
        "AgentController.Step.mean": {
            "value": 509944.0,
            "min": 9976.0,
            "max": 509944.0,
            "count": 51
        },
        "AgentController.Step.sum": {
            "value": 509944.0,
            "min": 9976.0,
            "max": 509944.0,
            "count": 51
        },
        "AgentController.Policy.ExtrinsicValueEstimate.mean": {
            "value": 5.8392486572265625,
            "min": -0.6135004162788391,
            "max": 8.288182258605957,
            "count": 51
        },
        "AgentController.Policy.ExtrinsicValueEstimate.sum": {
            "value": 1068.58251953125,
            "min": -102.30953979492188,
            "max": 1545.387451171875,
            "count": 51
        },
        "AgentController.Environment.CumulativeReward.mean": {
            "value": 22.934782608695652,
            "min": -14.318181818181818,
            "max": 35.51020408163265,
            "count": 51
        },
        "AgentController.Environment.CumulativeReward.sum": {
            "value": 1055.0,
            "min": -630.0,
            "max": 1740.0,
            "count": 51
        },
        "AgentController.Policy.ExtrinsicReward.mean": {
            "value": 22.934782608695652,
            "min": -14.318181818181818,
            "max": 35.51020408163265,
            "count": 51
        },
        "AgentController.Policy.ExtrinsicReward.sum": {
            "value": 1055.0,
            "min": -630.0,
            "max": 1740.0,
            "count": 51
        },
        "AgentController.IsTraining.mean": {
            "value": 1.0,
            "min": 1.0,
            "max": 1.0,
            "count": 51
        },
        "AgentController.IsTraining.sum": {
            "value": 1.0,
            "min": 1.0,
            "max": 1.0,
            "count": 51
        },
        "AgentController.Losses.PolicyLoss.mean": {
            "value": 0.022523701881679396,
            "min": 0.017436212353641168,
            "max": 0.031491704800282606,
            "count": 49
        },
        "AgentController.Losses.PolicyLoss.sum": {
            "value": 0.022523701881679396,
            "min": 0.017436212353641168,
            "max": 0.031491704800282606,
            "count": 49
        },
        "AgentController.Losses.ValueLoss.mean": {
            "value": 5.723198064168295,
            "min": 1.577837880452474,
            "max": 7.864006423950196,
            "count": 49
        },
        "AgentController.Losses.ValueLoss.sum": {
            "value": 5.723198064168295,
            "min": 1.577837880452474,
            "max": 7.864006423950196,
            "count": 49
        },
        "AgentController.Policy.LearningRate.mean": {
            "value": 0.00022366562544479994,
            "min": 0.00022366562544479994,
            "max": 0.00029821560059479997,
            "count": 49
        },
        "AgentController.Policy.LearningRate.sum": {
            "value": 0.00022366562544479994,
            "min": 0.00022366562544479994,
            "max": 0.00029821560059479997,
            "count": 49
        },
        "AgentController.Policy.Epsilon.mean": {
            "value": 0.17455520000000008,
            "min": 0.17455520000000008,
            "max": 0.1994052,
            "count": 49
        },
        "AgentController.Policy.Epsilon.sum": {
            "value": 0.17455520000000008,
            "min": 0.17455520000000008,
            "max": 0.1994052,
            "count": 49
        },
        "AgentController.Policy.Beta.mean": {
            "value": 0.003730304480000001,
            "min": 0.003730304480000001,
            "max": 0.004970319480000001,
            "count": 49
        },
        "AgentController.Policy.Beta.sum": {
            "value": 0.003730304480000001,
            "min": 0.003730304480000001,
            "max": 0.004970319480000001,
            "count": 49
        },
        "SecretAgentController.Losses.PolicyLoss.mean": {
            "value": 0.02182817099771152,
            "min": 0.018646767060272396,
            "max": 0.030819336553880323,
            "count": 49
        },
        "SecretAgentController.Losses.PolicyLoss.sum": {
            "value": 0.02182817099771152,
            "min": 0.018646767060272396,
            "max": 0.030819336553880323,
            "count": 49
        },
        "SecretAgentController.Losses.ValueLoss.mean": {
            "value": 14.324147415161132,
            "min": 2.9528417348861695,