{
    "name": "root",
    "gauges": {
        "SecretAgentController.Policy.Entropy.mean": {
            "value": 1.4066096544265747,
            "min": 1.4064860343933105,
            "max": 1.4189382791519165,
            "count": 32
        },
        "SecretAgentController.Policy.Entropy.sum": {
            "value": 14080.162109375,
            "min": 12240.78125,
            "max": 17339.42578125,
            "count": 32
        },
        "SecretAgentController.Environment.EpisodeLength.mean": {
            "value": 174.5,
            "min": 43.85294117647059,
            "max": 238.15555555555557,
            "count": 32
        },
        "SecretAgentController.Environment.EpisodeLength.sum": {
            "value": 9772.0,
            "min": 5211.0,
            "max": 14170.0,
            "count": 32
        },
        "SecretAgentController.Step.mean": {
            "value": 319976.0,
            "min": 9940.0,
            "max": 319976.0,
            "count": 32
        },
        "SecretAgentController.Step.sum": {
            "value": 319976.0,
            "min": 9940.0,
            "max": 319976.0,
            "count": 32
        },
        "SecretAgentController.Policy.ExtrinsicValueEstimate.mean": {
            "value": 1.8840501308441162,
            "min": -0.33306989073753357,
            "max": 6.759571552276611,
            "count": 32
        },
        "SecretAgentController.Policy.ExtrinsicValueEstimate.sum": {
            "value": 352.3173828125,
            "min": -72.27616882324219,
            "max": 1182.925048828125,
            "count": 32
        },
        "SecretAgentController.Environment.CumulativeReward.mean": {
            "value": -0.08771929824561403,
            "min": -5.242647058823529,
            "max": 24.77027027027027,
            "count": 32
        },
        "SecretAgentController.Environment.CumulativeReward.sum": {
            "value": -5.0,
            "min": -713.0,
            "max": 1833.0,
            "count": 32
        },
        "SecretAgentController.Policy.ExtrinsicReward.mean": {
            "value": -0.08771929824561403,
            "min": -5.242647058823529,
            "max": 24.77027027027027,
            "count": 32
        },
        "SecretAgentController.Policy.ExtrinsicReward.sum": {
            "value": -5.0,
            "min": -713.0,
            "max": 1833.0,
            "count": 32
        },
        "SecretAgentController.IsTraining.mean": {
            "value": 1.0,
            "min": 1.0,
            "max": 1.0,
            "count": 32
        },
        "SecretAgentController.IsTraining.sum": {
            "value": 1.0,
            "min": 1.0,
            "max": 1.0,
            "count": 32
        },
        "AgentController.Policy.Entropy.mean": {
            "value": 1.4052081108093262,
            "min": 1.4044939279556274,
            "max": 1.4240676164627075,
            "count": 32
        },
        "AgentController.Policy.Entropy.sum": {
            "value": 14066.1328125,
            "min": 12173.4501953125,
            "max": 17708.3515625,
            "count": 32
        },
        "AgentController.Environment.EpisodeLength.mean": {
            "value": 236.5952380952381,
            "min": 84.48,
            "max": 299.1904761904762,
            "count": 32
        },
        "AgentController.Environment.EpisodeLength.sum": {
            "value": 9937.0,
            "min": 2112.0,
            "max": 15873.0,
            "count": 32
        },
        "AgentController.Step.mean": {
            "value": 319939.0,
            "min": 9945.0,
            "max": 319939.0,
            "count": 32
        },
        "AgentController.Step.sum": {
            "value": 319939.0,
            "min": 9945.0,
            "max": 319939.0,
            "count": 32
        },
        "AgentController.Policy.ExtrinsicValueEstimate.mean": {
            "value": 2.1000587940216064,
            "min": -2.524582624435425,
            "max": 2.1000587940216064,
            "count": 32
        },
        "AgentController.Policy.ExtrinsicValueEstimate.sum": {
            "value": 369.6103515625,
            "min": -431.70361328125,
            "max": 369.6103515625,
            "count": 32
        },
        "AgentController.Environment.CumulativeReward.mean": {
            "value": 16.428571428571427,
            "min": -14.0,
            "max": 21.486486486486488,
            "count": 32
        },
        "AgentController.Environment.CumulativeReward.sum": {
            "value": 690.0,
            "min": -650.0,
            "max": 795.0,
            "count": 32
        },
        "AgentController.Policy.ExtrinsicReward.mean": {
            "value": 16.428571428571427,
            "min": -14.0,
            "max": 21.486486486486488,
            "count": 32
        },
        "AgentController.Policy.ExtrinsicReward.sum": {
            "value": 690.0,
            "min": -650.0,
            "max": 795.0,
            "count": 32
        },
        "AgentController.IsTraining.mean": {
            "value": 1.0,
            "min": 1.0,
            "max": 1.0,
            "count": 32
        },
        "AgentController.IsTraining.sum": {
            "value": 1.0,
            "min": 1.0,
            "max": 1.0,
            "count": 32
        },
        "SecretAgentController.Losses.PolicyLoss.mean": {
            "value": 0.028943001735024156,
            "min": 0.018275149567246747,
            "max": 0.03321892254753038,
            "count": 30
        },
        "SecretAgentController.Losses.PolicyLoss.sum": {
            "value": 0.028943001735024156,
            "min": 0.018275149567246747,
            "max": 0.03321892254753038,
            "count": 30
        },
        "SecretAgentController.Losses.ValueLoss.mean": {
            "value": 23.61432456970215,
            "min": 7.678296232223511,
            "max": 25.667243639628094,
            "count": 30
        },
        "SecretAgentController.Losses.ValueLoss.sum": {
            "value": 23.61432456970215,
            "min": 7.678296232223511,
            "max": 25.667243639628094,
            "count": 30
        },
        "SecretAgentController.Policy.LearningRate.mean": {
            "value": 0.0002533794155402,
            "min": 0.0002533794155402,
            "max": 0.000298449000517,
            "count": 30
        },
        "SecretAgentController.Policy.LearningRate.sum": {
            "value": 0.0002533794155402,
            "min": 0.0002533794155402,
            "max": 0.000298449000517,
            "count": 30
        },
        "SecretAgentController.Policy.Epsilon.mean": {
            "value": 0.1844598,
            "min": 0.1844598,
            "max": 0.19948299999999997,
            "count": 30
        },
        "SecretAgentController.Policy.Epsilon.sum": {
            "value": 0.1844598,
            "min": 0.1844598,
            "max": 0.19948299999999997,
            "count": 30
        },
        "SecretAgentController.Policy.Beta.mean": {
            "value": 0.00422454402,
            "min": 0.00422454402,
            "max": 0.004974201700000001,
            "count": 30
        },
        "SecretAgentController.Policy.Beta.sum": {
            "value": 0.00422454402,
            "min": 0.00422454402,
            "max": 0.004974201700000001,
            "count": 30
        },
        "AgentController.Losses.PolicyLoss.mean": {
            "value": 0.026167333713480425,
            "min": 0.015886901740384474,
            "max": 0.02824677115228648,
            "count": 30
        },
        "AgentController.Losses.PolicyLoss.sum": {
            "value": 0.026167333713480425,
            "min": 0.015886901740384474,
            "max": 0.02824677115228648,
            "count": 30
        },
        "AgentController.Losses.ValueLoss.mean": {
            "value": 8.363662672042846,
            "min": 2.21766019264857,
            "max": 9.873479111989338,
            "count": 30
        },