{
    "name": "root",
    "gauges": {
        "SecretAgentController.Policy.Entropy.mean": {
            "value": 1.4551491737365723,
            "min": 1.4178301095962524,
            "max": 1.4551491737365723,
            "count": 67
        },
        "SecretAgentController.Policy.Entropy.sum": {
            "value": 13998.53515625,
            "min": 13285.95703125,
            "max": 17616.119140625,
            "count": 67
        },
        "SecretAgentController.Environment.EpisodeLength.mean": {
            "value": 39.90909090909091,
            "min": 39.219409282700425,
            "max": 262.3666666666667,
            "count": 67
        },
        "SecretAgentController.Environment.EpisodeLength.sum": {
            "value": 10097.0,
            "min": 4736.0,
            "max": 12594.0,
            "count": 67
        },
        "SecretAgentController.Step.mean": {
            "value": 669970.0,
            "min": 9951.0,
            "max": 669970.0,
            "count": 67
        },
        "SecretAgentController.Step.sum": {
            "value": 669970.0,
            "min": 9951.0,
            "max": 669970.0,
            "count": 67
        },
        "SecretAgentController.Policy.ExtrinsicValueEstimate.mean": {
            "value": 48.475341796875,
            "min": -1.4352954626083374,
            "max": 327.9902038574219,
            "count": 67
        },
        "SecretAgentController.Policy.ExtrinsicValueEstimate.sum": {
            "value": 15609.060546875,
            "min": -332.9885559082031,
            "max": 73797.796875,
            "count": 67
        },
        "SecretAgentController.Environment.CumulativeReward.mean": {
            "value": -11.437007874015748,
            "min": -16.25,
            "max": 7.888888888888889,
            "count": 67
        },
        "SecretAgentController.Environment.CumulativeReward.sum": {
            "value": -2905.0,
            "min": -2905.0,
            "max": 440.0,
            "count": 67
        },
        "SecretAgentController.Policy.ExtrinsicReward.mean": {
            "value": -11.437007874015748,
            "min": -16.25,
            "max": 7.888888888888889,
            "count": 67
        },
        "SecretAgentController.Policy.ExtrinsicReward.sum": {
            "value": -2905.0,
            "min": -2905.0,
            "max": 440.0,
            "count": 67
        },
        "SecretAgentController.IsTraining.mean": {
            "value": 1.0,
            "min": 1.0,
            "max": 1.0,
            "count": 67
        },
        "SecretAgentController.IsTraining.sum": {
            "value": 1.0,
            "min": 1.0,
            "max": 1.0,
            "count": 67
        },
        "AgentController.Policy.Entropy.mean": {
            "value": 1.4383820295333862,
            "min": 1.418938398361206,
            "max": 1.4407893419265747,
            "count": 67
        },
        "AgentController.Policy.Entropy.sum": {
            "value": 14024.224609375,
            "min": 13195.001953125,
            "max": 17708.3515625,
            "count": 67
        },
        "AgentController.Environment.EpisodeLength.mean": {
            "value": 170.44642857142858,
            "min": 122.75,
            "max": 362.04,
            "count": 67
        },
        "AgentController.Environment.EpisodeLength.sum": {
            "value": 9545.0,
            "min": 1473.0,
            "max": 14741.0,
            "count": 67
        },
        "AgentController.Step.mean": {
            "value": 669996.0,
            "min": 9997.0,
            "max": 669996.0,
            "count": 67
        },
        "AgentController.Step.sum": {
            "value": 669996.0,
            "min": 9997.0,
            "max": 669996.0,
            "count": 67
        },
        "AgentController.Policy.ExtrinsicValueEstimate.mean": {
            "value": 0.40129661560058594,
            "min": -2.2265005111694336,
            "max": 2.1817386150360107,
            "count": 67
        },
        "AgentController.Policy.ExtrinsicValueEstimate.sum": {
            "value": 73.4372787475586,
            "min": -381.9986267089844,
            "max": 399.2581787109375,
            "count": 67
        },
        "AgentController.Environment.CumulativeReward.mean": {
            "value": 9.375,
            "min": -28.333333333333332,
            "max": 23.555555555555557,
            "count": 67
        },
        "AgentController.Environment.CumulativeReward.sum": {
            "value": 525.0,
            "min": -1095.0,
            "max": 1060.0,
            "count": 67
        },
        "AgentController.Policy.ExtrinsicReward.mean": {
            "value": 9.375,
            "min": -28.333333333333332,
            "max": 23.555555555555557,
            "count": 67
        },
        "AgentController.Policy.ExtrinsicReward.sum": {
            "value": 525.0,
            "min": -1095.0,
            "max": 1060.0,
            "count": 67
        },
        "AgentController.IsTraining.mean": {
            "value": 1.0,
            "min": 1.0,
            "max": 1.0,
            "count": 67
        },
        "AgentController.IsTraining.sum": {
            "value": 1.0,
            "min": 1.0,
            "max": 1.0,
            "count": 67
        },
        "SecretAgentController.Losses.PolicyLoss.mean": {
            "value": 0.022830476134549825,
            "min": 0.014039604780070174,
            "max": 0.04370539245816569,
            "count": 65
        },
        "SecretAgentController.Losses.PolicyLoss.sum": {
            "value": 0.022830476134549825,
            "min": 0.014039604780070174,
            "max": 0.04370539245816569,
            "count": 65
        },
        "SecretAgentController.Losses.ValueLoss.mean": {
            "value": 47305.21505533854,
            "min": 17.07742830912272,
            "max": 594114.9988932292,
            "count": 65
        },
        "SecretAgentController.Losses.ValueLoss.sum": {
            "value": 47305.21505533854,
            "min": 17.07742830912272,
            "max": 594114.9988932292,
            "count": 65
        },
        "SecretAgentController.Policy.LearningRate.mean": {
            "value": 0.00019958448347185008,
            "min": 0.00019958448347185008,
            "max": 0.00029835195054934993,
            "count": 65
        },
        "SecretAgentController.Policy.LearningRate.sum": {
            "value": 0.00019958448347185008,
            "min": 0.00019958448347185008,
            "max": 0.00029835195054934993,
            "count": 65
        },
        "SecretAgentController.Policy.Epsilon.mean": {
            "value": 0.1665281500000001,
            "min": 0.1665281500000001,
            "max": 0.19945065000000006,
            "count": 65
        },
        "SecretAgentController.Policy.Epsilon.sum": {
            "value": 0.1665281500000001,
            "min": 0.1665281500000001,
            "max": 0.19945065000000006,
            "count": 65
        },
        "SecretAgentController.Policy.Beta.mean": {
            "value": 0.0033297546850000015,
            "min": 0.0033297546850000015,
            "max": 0.004972587435000001,
            "count": 65
        },
        "SecretAgentController.Policy.Beta.sum": {
            "value": 0.0033297546850000015,
            "min": 0.0033297546850000015,
            "max": 0.004972587435000001,
            "count": 65
        },
        "AgentController.Losses.PolicyLoss.mean": {
            "value": 0.031604756430412335,
            "min": 0.016221229068469255,
            "max": 0.031604756430412335,
            "count": 64
        },
        "AgentController.Losses.PolicyLoss.sum": {
            "value": 0.031604756430412335,
            "min": 0.016221229068469255,
            "max": 0.031604756430412335,
            "count": 64
        },
        "AgentController.Losses.ValueLoss.mean": {
            "value": 66.23740094502767,
            "min": 7.936767476977724,