{
    "name": "root",
    "gauges": {
        "AgentController.Policy.Entropy.mean": {
            "value": 1.397902250289917,
            "min": 1.397902250289917,
            "max": 1.4216383695602417,
            "count": 22
        },
        "AgentController.Policy.Entropy.sum": {
            "value": 13811.2744140625,
            "min": 5911.3271484375,
            "max": 17662.623046875,
            "count": 22
        },
        "AgentController.Environment.EpisodeLength.mean": {
            "value": 270.43243243243245,
            "min": 30.75,
            "max": 443.75925925925924,
            "count": 22
        },
        "AgentController.Environment.EpisodeLength.sum": {
            "value": 10006.0,
            "min": 123.0,
            "max": 25563.0,
            "count": 22
        },
        "AgentController.Step.mean": {
            "value": 239951.0,
            "min": 29969.0,
            "max": 239951.0,
            "count": 22
        },
        "AgentController.Step.sum": {
            "value": 239951.0,
            "min": 29969.0,
            "max": 239951.0,
            "count": 22
        },
        "AgentController.Policy.ExtrinsicValueEstimate.mean": {
            "value": 9.66970443725586,
            "min": 0.03993644565343857,
            "max": 9.66970443725586,
            "count": 22
        },
        "AgentController.Policy.ExtrinsicValueEstimate.sum": {
            "value": 1682.528564453125,
            "min": 0.7188560366630554,
            "max": 1682.528564453125,
            "count": 22
        },
        "AgentController.Environment.CumulativeReward.mean": {
            "value": 56.62162162162162,
            "min": -15.0,
            "max": 58.611111111111114,
            "count": 22
        },
        "AgentController.Environment.CumulativeReward.sum": {
            "value": 2095.0,
            "min": -60.0,
            "max": 2110.0,
            "count": 22
        },
        "AgentController.Policy.ExtrinsicReward.mean": {
            "value": 56.62162162162162,
            "min": -15.0,
            "max": 58.611111111111114,
            "count": 22
        },
        "AgentController.Policy.ExtrinsicReward.sum": {
            "value": 2095.0,
            "min": -60.0,
            "max": 2110.0,
            "count": 22
        },
        "AgentController.IsTraining.mean": {
            "value": 1.0,
            "min": 1.0,
            "max": 1.0,
            "count": 22
        },
        "AgentController.IsTraining.sum": {
            "value": 1.0,
            "min": 1.0,
            "max": 1.0,
            "count": 22
        },
        "SecretAgentController.Policy.Entropy.mean": {
            "value": 1.4009370803833008,
            "min": 1.4003297090530396,
            "max": 1.4137853384017944,
            "count": 22
        },
        "SecretAgentController.Policy.Entropy.sum": {
            "value": 13659.13671875,
            "min": 5881.3466796875,
            "max": 16811.4375,
            "count": 22
        },
        "SecretAgentController.Environment.EpisodeLength.mean": {
            "value": 206.125,
            "min": 22.814814814814813,
            "max": 352.71666666666664,
            "count": 22
        },
        "SecretAgentController.Environment.EpisodeLength.sum": {
            "value": 9894.0,
            "min": 616.0,
            "max": 22698.0,
            "count": 22
        },
        "SecretAgentController.Step.mean": {
            "value": 239994.0,
            "min": 29980.0,
            "max": 239994.0,
            "count": 22
        },
        "SecretAgentController.Step.sum": {
            "value": 239994.0,
            "min": 29980.0,
            "max": 239994.0,
            "count": 22
        },
        "SecretAgentController.Policy.ExtrinsicValueEstimate.mean": {
            "value": -8.918017387390137,
            "min": -8.922761917114258,
            "max": -1.9886554479599,
            "count": 22
        },
        "SecretAgentController.Policy.ExtrinsicValueEstimate.sum": {
            "value": -1596.3251953125,
            "min": -1623.9427490234375,
            "max": -67.11571502685547,
            "count": 22
        },
        "SecretAgentController.Environment.CumulativeReward.mean": {
            "value": -38.333333333333336,
            "min": -40.1219512195122,
            "max": -12.0,
            "count": 22
        },
        "SecretAgentController.Environment.CumulativeReward.sum": {
            "value": -1840.0,
            "min": -1935.0,
            "max": -180.0,
            "count": 22
        },
        "SecretAgentController.Policy.ExtrinsicReward.mean": {
            "value": -38.333333333333336,
            "min": -40.1219512195122,
            "max": -12.0,
            "count": 22
        },
        "SecretAgentController.Policy.ExtrinsicReward.sum": {
            "value": -1840.0,
            "min": -1935.0,
            "max": -180.0,
            "count": 22
        },
        "SecretAgentController.IsTraining.mean": {
            "value": 1.0,
            "min": 1.0,
            "max": 1.0,
            "count": 22
        },
        "SecretAgentController.IsTraining.sum": {
            "value": 1.0,
            "min": 1.0,
            "max": 1.0,
            "count": 22
        },
        "SecretAgentController.Losses.PolicyLoss.mean": {
            "value": 0.02318163567688316,
            "min": 0.01858568435612445,
            "max": 0.03018716398316125,
            "count": 20
        },
        "SecretAgentController.Losses.PolicyLoss.sum": {
            "value": 0.02318163567688316,
            "min": 0.01858568435612445,
            "max": 0.03018716398316125,
            "count": 20
        },
        "SecretAgentController.Losses.ValueLoss.mean": {
            "value": 11.039238993326823,
            "min": 2.686957899729411,
            "max": 11.039238993326823,
            "count": 20
        },
        "SecretAgentController.Losses.ValueLoss.sum": {
            "value": 11.039238993326823,
            "min": 2.686957899729411,
            "max": 11.039238993326823,
            "count": 20
        },
        "SecretAgentController.Policy.LearningRate.mean": {
            "value": 0.0002644185118605,
            "min": 0.0002644185118605,
            "max": 0.0002939097020301,
            "count": 20
        },
        "SecretAgentController.Policy.LearningRate.sum": {
            "value": 0.0002644185118605,
            "min": 0.0002644185118605,
            "max": 0.0002939097020301,
            "count": 20
        },
        "SecretAgentController.Policy.Epsilon.mean": {
            "value": 0.18813950000000004,
            "min": 0.18813950000000004,
            "max": 0.1979699,
            "count": 20
        },
        "SecretAgentController.Policy.Epsilon.sum": {
            "value": 0.18813950000000004,
            "min": 0.18813950000000004,
            "max": 0.1979699,
            "count": 20
        },
        "SecretAgentController.Policy.Beta.mean": {
            "value": 0.00440816105,
            "min": 0.00440816105,
            "max": 0.00489869801,
            "count": 20
        },
        "SecretAgentController.Policy.Beta.sum": {
            "value": 0.00440816105,
            "min": 0.00440816105,
            "max": 0.00489869801,
            "count": 20
        },
        "AgentController.Losses.PolicyLoss.mean": {
            "value": 0.028560776845552027,
            "min": 0.018696062310923342,
            "max": 0.028560776845552027,
            "count": 19
        },
        "AgentController.Losses.PolicyLoss.sum": {
            "value": 0.028560776845552027,
            "min": 0.018696062310923342,
            "max": 0.028560776845552027,
            "count": 19
        },
        "AgentController.Losses.ValueLoss.mean": {
            "value": 12.989190705617268,
            "min": 2.8494212362501354,
            "max": 14.977428754170736,
            "count": 19
        },