{
    "name": "root",
    "gauges": {
        "AgentController.Policy.Entropy.mean": {
            "value": 1.3784624338150024,
            "min": 1.3780471086502075,
            "max": 1.3838621377944946,
            "count": 15
        },
        "AgentController.Policy.Entropy.sum": {
            "value": 13440.0087890625,
            "min": 5754.67529296875,
            "max": 14212.263671875,
            "count": 15
        },
        "AgentController.Environment.EpisodeLength.mean": {
            "value": 179.66666666666666,
            "min": 62.0,
            "max": 195.59259259259258,
            "count": 15
        },
        "AgentController.Environment.EpisodeLength.sum": {
            "value": 9702.0,
            "min": 62.0,
            "max": 10778.0,
            "count": 15
        },
        "AgentController.Step.mean": {
            "value": 399964.0,
            "min": 259995.0,
            "max": 399964.0,
            "count": 15
        },
        "AgentController.Step.sum": {
            "value": 399964.0,
            "min": 259995.0,
            "max": 399964.0,
            "count": 15
        },
        "AgentController.Policy.ExtrinsicValueEstimate.mean": {
            "value": 15.163090705871582,
            "min": 15.163090705871582,
            "max": 19.93292236328125,
            "count": 15
        },
        "AgentController.Policy.ExtrinsicValueEstimate.sum": {
            "value": 2850.6611328125,
            "min": 279.0609130859375,
            "max": 3451.39599609375,
            "count": 15
        },
        "AgentController.Environment.CumulativeReward.mean": {
            "value": 48.148148148148145,
            "min": 48.148148148148145,
            "max": 65.0,
            "count": 15
        },
        "AgentController.Environment.CumulativeReward.sum": {
            "value": 2600.0,
            "min": 65.0,
            "max": 3720.0,
            "count": 15
        },
        "AgentController.Policy.ExtrinsicReward.mean": {
            "value": 48.148148148148145,
            "min": 48.148148148148145,
            "max": 65.0,
            "count": 15
        },
        "AgentController.Policy.ExtrinsicReward.sum": {
            "value": 2600.0,
            "min": 65.0,
            "max": 3720.0,
            "count": 15
        },
        "AgentController.IsTraining.mean": {
            "value": 1.0,
            "min": 1.0,
            "max": 1.0,
            "count": 15
        },
        "AgentController.IsTraining.sum": {
            "value": 1.0,
            "min": 1.0,
            "max": 1.0,
            "count": 15
        },
        "SecretAgentController.Policy.Entropy.mean": {
            "value": 1.4233155250549316,
            "min": 1.4205245971679688,
            "max": 1.4326776266098022,
            "count": 15
        },
        "SecretAgentController.Policy.Entropy.sum": {
            "value": 14062.357421875,
            "min": 5959.9384765625,
            "max": 14781.81640625,
            "count": 15
        },
        "SecretAgentController.Environment.EpisodeLength.mean": {
            "value": 138.97101449275362,
            "min": 24.68421052631579,
            "max": 151.20967741935485,
            "count": 15
        },
        "SecretAgentController.Environment.EpisodeLength.sum": {
            "value": 9589.0,
            "min": 469.0,
            "max": 10652.0,
            "count": 15
        },
        "SecretAgentController.Step.mean": {
            "value": 399985.0,
            "min": 259972.0,
            "max": 399985.0,
            "count": 15
        },
        "SecretAgentController.Step.sum": {
            "value": 399985.0,
            "min": 259972.0,
            "max": 399985.0,
            "count": 15
        },
        "SecretAgentController.Policy.ExtrinsicValueEstimate.mean": {
            "value": 35.67329025268555,
            "min": -2.9591684341430664,
            "max": 35.67329025268555,
            "count": 15
        },
        "SecretAgentController.Policy.ExtrinsicValueEstimate.sum": {
            "value": 7063.3115234375,
            "min": -565.201171875,
            "max": 7063.3115234375,
            "count": 15
        },
        "SecretAgentController.Environment.CumulativeReward.mean": {
            "value": -8.0,
            "min": -14.473684210526315,
            "max": -6.283783783783784,
            "count": 15
        },
        "SecretAgentController.Environment.CumulativeReward.sum": {
            "value": -560.0,
            "min": -635.0,
            "max": -275.0,
            "count": 15
        },
        "SecretAgentController.Policy.ExtrinsicReward.mean": {
            "value": -8.0,
            "min": -14.473684210526315,
            "max": -6.283783783783784,
            "count": 15
        },
        "SecretAgentController.Policy.ExtrinsicReward.sum": {
            "value": -560.0,
            "min": -635.0,
            "max": -275.0,
            "count": 15
        },
        "SecretAgentController.IsTraining.mean": {
            "value": 1.0,
            "min": 1.0,
            "max": 1.0,
            "count": 15
        },
        "SecretAgentController.IsTraining.sum": {
            "value": 1.0,
            "min": 1.0,
            "max": 1.0,
            "count": 15
        },
        "SecretAgentController.Losses.PolicyLoss.mean": {
            "value": 0.015906754753086717,
            "min": 0.015906754753086717,
            "max": 0.033777695537234344,
            "count": 13
        },
        "SecretAgentController.Losses.PolicyLoss.sum": {
            "value": 0.015906754753086717,
            "min": 0.015906754753086717,
            "max": 0.033777695537234344,
            "count": 13
        },
        "SecretAgentController.Losses.ValueLoss.mean": {
            "value": 70.0388931910197,
            "min": 1.378378450870514,
            "max": 70.0388931910197,
            "count": 13
        },
        "SecretAgentController.Losses.ValueLoss.sum": {
            "value": 70.0388931910197,
            "min": 1.378378450870514,
            "max": 70.0388931910197,
            "count": 13
        },
        "SecretAgentController.Policy.LearningRate.mean": {
            "value": 0.0002409567196811,
            "min": 0.0002409567196811,
            "max": 0.0002594806635064499,
            "count": 13
        },
        "SecretAgentController.Policy.LearningRate.sum": {
            "value": 0.0002409567196811,
            "min": 0.0002409567196811,
            "max": 0.0002594806635064499,
            "count": 13
        },
        "SecretAgentController.Policy.Epsilon.mean": {
            "value": 0.18031889999999992,
            "min": 0.18031889999999992,
            "max": 0.18649354999999995,
            "count": 13
        },
        "SecretAgentController.Policy.Epsilon.sum": {
            "value": 0.18031889999999992,
            "min": 0.18031889999999992,
            "max": 0.18649354999999995,
            "count": 13
        },
        "SecretAgentController.Policy.Beta.mean": {
            "value": 0.0040179131099999975,
            "min": 0.0040179131099999975,
            "max": 0.004326028144999998,
            "count": 13
        },
        "SecretAgentController.Policy.Beta.sum": {
            "value": 0.0040179131099999975,
            "min": 0.0040179131099999975,
            "max": 0.004326028144999998,
            "count": 13
        },
        "AgentController.Losses.PolicyLoss.mean": {
            "value": 0.020958149324481687,
            "min": 0.01631478840718046,
            "max": 0.028277619814616628,
            "count": 13
        },
        "AgentController.Losses.PolicyLoss.sum": {
            "value": 0.020958149324481687,
            "min": 0.01631478840718046,
            "max": 0.028277619814616628,
            "count": 13
        },
        "AgentController.Losses.ValueLoss.mean": {
            "value": 22.01637020111084,
            "min": 20.83025429465554,